{"cameraMode":{"drawMode":0,"name":"Shaded","section":"Shading Mode"},"sceneLighting":true,"audioPlay":false,"sceneViewState":{"showFog":true,"showMaterialUpdate":true,"showSkybox":true,"showFlares":true,"showImageEffects":true,"showParticleSystems":true},"in2DMode":false,"pivot":{"x":-0.11406756937503815,"y":-1.437109351158142,"z":25.60901641845703},"rotation":{"x":-0.7294327020645142,"y":-0.003900145646184683,"z":0.0041604069992899899,"w":-0.6840288043022156},"size":63.771263122558597,"orthographic":true}