{"cameraMode":{"drawMode":0,"name":"Shaded","section":"Shading Mode"},"sceneLighting":false,"audioPlay":false,"sceneViewState":{"showFog":true,"showMaterialUpdate":true,"showSkybox":true,"showFlares":true,"showImageEffects":true,"showParticleSystems":true},"in2DMode":false,"pivot":{"x":-0.20919817686080934,"y":2.5274484157562258,"z":-4.1655426025390629},"rotation":{"x":-0.7294327020645142,"y":-0.003900145646184683,"z":0.0041604069992899899,"w":-0.6840288043022156},"size":14.290722846984864,"orthographic":false}